{"mean": [64.82895275268343, 83.33991627057823, 83.36830777535495, 71.47857974755264, 98.84419087789983, -0.3483018036450628, 0.3391317569255317, 121.3044739630877, 120.43365100785262, 98.23140069459745, 143.86505188496122, 1.2388544388135183, 0.3520045598854483, 65.64433357465875, 65.13737600285779, 50.615143693537725, 85.86027259277913, 0.5552897478674179, 0.35214385150871, 81.2194277440272, 80.71077665114214, 64.96493961618769, 101.63053081095828, 0.48796520717261066, 0.3528329923796436, 19.055132361736284, 18.922587552379074, 12.992209386508861, 26.56323774748969, 0.16473606345808808, 0.34632505784366074, 96.18483427240392, 96.34533629335444, 92.2966413799616, 98.84474802480405, -0.33614529887626304, 0.35016437304147113, 36.25567878056869, 0.8167481593210726, 1.1537819887311531, 1.1597020493173191, 1.1291542069312852, 1.1897352765274323, -0.01159621014196229, 0.1940808877199189, 0.49252730649375176, 0.4936464792722465, 0.48473984072523535, 0.5030407000535113, -0.0023041329598035825, 0.7327252307795911, 0.4587343007334193, 0.4856581489428762, 0.4240023293147408, 0.5531115238125217, -0.048744058673549695, 0.7443215145391054, 9.0970134407756, 9.140017694697887, 8.892987188768926, 9.393214769114547, -0.08365419119267209, 0.25053744371038056, 166.01721804274607, 166.51320038702, 163.99175296672857, 169.09166168277252, -1.0338694954200636, 0.2451727587883256, 14.485032578929145, 14.47027905128071, 14.064780131574805, 14.718688029210865, 0.03431017658723913, 0.0, 0.19213698888853914, 0.3063363656394599, 5.019043721867229, 58.68091535773868, 58.68091535773868, 0.44744877081431583, 0.5525512291856841, 0.00012590890490729958, 0.03582108344612673, 0.000598067298309673, 0.028801661997544775, 0.0016053385375680695, 0.4787686109100066, 0.19415153136705593, 0.10337121092889294, 0.15675658660958797, 0.1460543296924675, 0.13742956970631748, 0.000598067298309673, 0.16538134659573797, 0.13333753029683024, 0.00012590890490729958, 3.1477226226824895e-05, 0.11130347193805282, 0.021813717775189652, 0.025339167112594038, 0.0018886335736094935, 9.443167868047467e-05, 0.001762724668702194, 0.14234001699770216, 0.11249960653467217], "scale": [16.65869312697152, 18.22571428721379, 16.502788930694788, 15.520314298461011, 20.635787133322722, 15.605922618191121, 0.16730491123002572, 22.16790590911249, 18.468439896757136, 17.98480765182221, 23.369893806551932, 21.09429015819043, 0.19699229613805866, 15.921212700031065, 12.536356283148558, 12.219370651481713, 20.046413590922917, 15.675725660325153, 0.1969936032448154, 16.286513266581352, 12.708023310350594, 13.317988639912802, 22.53427302879324, 16.605374048552974, 0.1981868927040916, 5.544771362322397, 4.109004041398576, 3.790067392736672, 6.564240418356826, 5.992385821559423, 0.18184449106800335, 5.319892631850568, 4.9164993894083375, 6.275436956432026, 4.807327768204913, 3.3850788285101183, 0.17582732124402342, 4.735159519116245, 0.11367538246965796, 1.4375440996051156, 1.4523490179197527, 1.4046569252229852, 1.5116838824921688, 0.29306397209996743, 0.29384394567164135, 2.34654731504787, 2.3413901533494057, 2.30756966741832, 2.380369251251903, 0.2255355745010625, 0.39949466492050806, 1.090711887882744, 1.1187997677032333, 0.9518010581519044, 1.3479404178733743, 0.5265265564146538, 0.36744722610503616, 8.184861702110023, 8.293399011000755, 8.012427822659435, 8.703550709715046, 1.893733403707324, 0.33414179491012164, 125.51487785514986, 125.61252237513814, 124.78060419323373, 126.9383613179535, 15.113077050652636, 0.33160983414316464, 1.5443859780125677, 1.4083060202068531, 2.0614339615765913, 1.1961319682680684, 1.3253818442974694, 1.0, 0.3939801598930897, 0.4609711452208988, 3.0426655330761974, 177.07469636323893, 177.07469636323893, 0.49723069928462144, 0.49723069928462144, 0.011220207299999613, 0.1858438415091346, 0.024448100413250226, 0.1672486958505924, 0.04003450294118647, 0.4995490247386229, 0.395546096220002, 0.30444310417545556, 0.36357111981577794, 0.3531606751473775, 0.3443002803900309, 0.024448100413250223, 0.3715243690445061, 0.3399391611908991, 0.011220207299999613, 0.00561036856285342, 0.314507566002136, 0.14607491054939595, 0.1571530900829954, 0.04341735409757403, 0.00971713750744201, 0.04194779458379837, 0.34939853542737703, 0.31598013397081803]}